{
	"info": {
		"_postman_id": "nodehabit-api-collection",
		"name": "NodeHabit API Collection",
		"description": "Complete API collection for NodeHabit backend including authentication, choices, habits, and AI-powered suggestion endpoints (Powered by Google Gemini)",
		"schema": "https://schema.getpostman.com/json/collection/v2.1.0/collection.json"
	},
	"item": [
		{
			"name": "Authentication",
			"item": [
				{
					"name": "Register User",
					"request": {
						"method": "POST",
						"header": [
							{
								"key": "Content-Type",
								"value": "application/json"
							}
						],
						"body": {
							"mode": "raw",
							"raw": "{\n  \"name\": \"Test User\",\n  \"email\": \"testuser@example.com\",\n  \"password\": \"password123\",\n  \"confirmPassword\": \"password123\",\n  \"height\": 175,\n  \"weight\": 70,\n  \"age\": 25,\n  \"gender\": \"male\",\n  \"fitnessLevel\": \"beginner\",\n  \"primaryGoal\": \"weight-loss\",\n  \"wakeUpTime\": \"07:00\",\n  \"sleepTime\": \"23:00\",\n  \"preferredWorkoutTime\": \"18:00\",\n  \"notifications\": true,\n  \"motivationLevel\": \"high\",\n  \"weeklyGoal\": \"4\"\n}"
						},
						"url": {
							"raw": "{{base_url}}/api/v1/auth/register",
							"host": [
								"{{base_url}}"
							],
							"path": [
								"api",
								"v1",
								"auth",
								"register"
							]
						},
						"description": "Register a new user with all required profile information"
					},
					"response": []
				},
				{
					"name": "Login User",
					"request": {
						"method": "POST",
						"header": [
							{
								"key": "Content-Type",
								"value": "application/json"
							}
						],
						"body": {
							"mode": "raw",
							"raw": "{\n  \"email\": \"testuser@example.com\",\n  \"password\": \"password123\"\n}"
						},
						"url": {
							"raw": "{{base_url}}/api/v1/auth/login",
							"host": [
								"{{base_url}}"
							],
							"path": [
								"api",
								"v1",
								"auth",
								"login"
							]
						},
						"description": "Login with email and password to get JWT token"
					},
					"response": []
				},
				{
					"name": "Get Current User",
					"request": {
						"method": "GET",
						"header": [
							{
								"key": "Authorization",
								"value": "Bearer {{auth_token}}"
							}
						],
						"url": {
							"raw": "{{base_url}}/api/v1/auth/me",
							"host": [
								"{{base_url}}"
							],
							"path": [
								"api",
								"v1",
								"auth",
								"me"
							]
						},
						"description": "Get current user profile information using JWT token"
					},
					"response": []
				}
			],
			"description": "Authentication endpoints for user registration, login, and profile access"
		},
		{
			"name": "Choices",
			"item": [
				{
					"name": "Get All Profile Choices",
					"request": {
						"method": "GET",
						"header": [],
						"url": {
							"raw": "{{base_url}}/api/v1/choices",
							"host": [
								"{{base_url}}"
							],
							"path": [
								"api",
								"v1",
								"choices"
							]
						},
						"description": "Get all available choices for user profile fields (gender, fitness level, goals, etc.)"
					},
					"response": []
				}
			],
			"description": "Public endpoints for getting available choices for user profile fields"
		},
		{
			"name": "Habits",
			"item": [
				{
					"name": "Create New Habit",
					"request": {
						"method": "POST",
						"header": [
							{
								"key": "Content-Type",
								"value": "application/json"
							},
							{
								"key": "Authorization",
								"value": "Bearer {{auth_token}}"
							}
						],
						"body": {
							"mode": "raw",
							"raw": "{\n  \"name\": \"Morning Exercise\",\n  \"created_time\": \"2024-01-15T10:30:00.000Z\",\n  \"target_time\": \"2024-01-15T07:00:00.000Z\",\n  \"icon_id\": 1,\n  \"repeats\": [0, 1, 2, 3, 4]\n}"
						},
						"url": {
							"raw": "{{base_url}}/api/v1/habits",
							"host": [
								"{{base_url}}"
							],
							"path": [
								"api",
								"v1",
								"habits"
							]
						},
						"description": "Create a new habit for the authenticated user. Requires JWT token.\n\nFields:\n- name: string (habit name)\n- created_time: string (UTC timestamp)\n- target_time: string (UTC timestamp)\n- icon_id: number (icon identifier)\n- repeats: array of numbers (0-6, where Monday=0)"
					},
					"response": []
				},
				{
					"name": "Get All Habits",
					"request": {
						"method": "GET",
						"header": [
							{
								"key": "Authorization",
								"value": "Bearer {{auth_token}}"
							}
						],
						"url": {
							"raw": "{{base_url}}/api/v1/habits",
							"host": [
								"{{base_url}}"
							],
							"path": [
								"api",
								"v1",
								"habits"
							]
						},
						"description": "Get all habits for the authenticated user. Requires JWT token."
					},
					"response": []
				},
				{
					"name": "Get Specific Habit",
					"request": {
						"method": "GET",
						"header": [
							{
								"key": "Authorization",
								"value": "Bearer {{auth_token}}"
							}
						],
						"url": {
							"raw": "{{base_url}}/api/v1/habits/{{habit_id}}",
							"host": [
								"{{base_url}}"
							],
							"path": [
								"api",
								"v1",
								"habits",
								"{{habit_id}}"
							]
						},
						"description": "Get a specific habit by its ID. Requires JWT token and user must own the habit."
					},
					"response": []
				}
			],
			"description": "Protected habit management endpoints. All require JWT authentication."
		},
		{
			"name": "AI-Powered Suggestions",
			"item": [
				{
					"name": "Get Personalized Suggestions",
					"request": {
						"method": "GET",
						"header": [
							{
								"key": "Authorization",
								"value": "Bearer {{auth_token}}"
							}
						],
						"url": {
							"raw": "{{base_url}}/api/v1/suggestions?maxSuggestions=5&focusArea=general",
							"host": [
								"{{base_url}}"
							],
							"path": [
								"api",
								"v1",
								"suggestions"
							],
							"query": [
								{
									"key": "maxSuggestions",
									"value": "5"
								},
								{
									"key": "focusArea",
									"value": "general"
								}
							]
						},
						"description": "Get AI-powered personalized habit suggestions based on user profile and existing habits.\n\nQuery Parameters:\n- maxSuggestions: Number of suggestions (default: 5)\n- focusArea: Focus area for suggestions (default: 'general')\n- category: Specific category filter"
					},
					"response": []
				},
				{
					"name": "Get Habit Analysis",
					"request": {
						"method": "GET",
						"header": [
							{
								"key": "Authorization",
								"value": "Bearer {{auth_token}}"
							}
						],
						"url": {
							"raw": "{{base_url}}/api/v1/suggestions/analysis",
							"host": [
								"{{base_url}}"
							],
							"path": [
								"api",
								"v1",
								"suggestions",
								"analysis"
							]
						},
						"description": "Get comprehensive analysis of user's habit patterns, strengths, gaps, and recommendations."
					},
					"response": []
				},
				{
					"name": "Get Fitness Category Suggestions",
					"request": {
						"method": "GET",
						"header": [
							{
								"key": "Authorization",
								"value": "Bearer {{auth_token}}"
							}
						],
						"url": {
							"raw": "{{base_url}}/api/v1/suggestions/category/fitness",
							"host": [
								"{{base_url}}"
							],
							"path": [
								"api",
								"v1",
								"suggestions",
								"category",
								"fitness"
							]
						},
						"description": "Get fitness-focused habit suggestions.\n\nValid categories: fitness, nutrition, mental-health, sleep, lifestyle"
					},
					"response": []
				},
				{
					"name": "Get Nutrition Category Suggestions",
					"request": {
						"method": "GET",
						"header": [
							{
								"key": "Authorization",
								"value": "Bearer {{auth_token}}"
							}
						],
						"url": {
							"raw": "{{base_url}}/api/v1/suggestions/category/nutrition",
							"host": [
								"{{base_url}}"
							],
							"path": [
								"api",
								"v1",
								"suggestions",
								"category",
								"nutrition"
							]
						},
						"description": "Get nutrition-focused habit suggestions."
					},
					"response": []
				},
				{
					"name": "Get Mental Health Category Suggestions",
					"request": {
						"method": "GET",
						"header": [
							{
								"key": "Authorization",
								"value": "Bearer {{auth_token}}"
							}
						],
						"url": {
							"raw": "{{base_url}}/api/v1/suggestions/category/mental-health",
							"host": [
								"{{base_url}}"
							],
							"path": [
								"api",
								"v1",
								"suggestions",
								"category",
								"mental-health"
							]
						},
						"description": "Get mental health and wellness habit suggestions."
					},
					"response": []
				},
				{
					"name": "Get Weight Loss Goal Suggestions",
					"request": {
						"method": "GET",
						"header": [
							{
								"key": "Authorization",
								"value": "Bearer {{auth_token}}"
							}
						],
						"url": {
							"raw": "{{base_url}}/api/v1/suggestions/goal/weight-loss",
							"host": [
								"{{base_url}}"
							],
							"path": [
								"api",
								"v1",
								"suggestions",
								"goal",
								"weight-loss"
							]
						},
						"description": "Get personalized suggestions for weight loss goals.\n\nValid goals: weight-loss, muscle-gain, endurance, general-fitness"
					},
					"response": []
				},
				{
					"name": "Get Muscle Gain Goal Suggestions",
					"request": {
						"method": "GET",
						"header": [
							{
								"key": "Authorization",
								"value": "Bearer {{auth_token}}"
							}
						],
						"url": {
							"raw": "{{base_url}}/api/v1/suggestions/goal/muscle-gain",
							"host": [
								"{{base_url}}"
							],
							"path": [
								"api",
								"v1",
								"suggestions",
								"goal",
								"muscle-gain"
							]
						},
						"description": "Get personalized suggestions for muscle building goals."
					},
					"response": []
				},
				{
					"name": "Get Endurance Goal Suggestions",
					"request": {
						"method": "GET",
						"header": [
							{
								"key": "Authorization",
								"value": "Bearer {{auth_token}}"
							}
						],
						"url": {
							"raw": "{{base_url}}/api/v1/suggestions/goal/endurance",
							"host": [
								"{{base_url}}"
							],
							"path": [
								"api",
								"v1",
								"suggestions",
								"goal",
								"endurance"
							]
						},
						"description": "Get personalized suggestions for endurance training goals."
					},
					"response": []
				},
				{
					"name": "Create Habit from Suggestion",
					"request": {
						"method": "POST",
						"header": [
							{
								"key": "Content-Type",
								"value": "application/json"
							},
							{
								"key": "Authorization",
								"value": "Bearer {{auth_token}}"
							}
						],
						"body": {
							"mode": "raw",
							"raw": "{\n  \"name\": \"Morning Stretching\",\n  \"target_time\": \"2024-01-15T07:00:00.000Z\",\n  \"icon_id\": 1,\n  \"repeats\": [0, 1, 2, 3, 4],\n  \"description\": \"Created from AI suggestion\"\n}"
						},
						"url": {
							"raw": "{{base_url}}/api/v1/suggestions/create",
							"host": [
								"{{base_url}}"
							],
							"path": [
								"api",
								"v1",
								"suggestions",
								"create"
							]
						},
						"description": "Create a new habit from an AI suggestion. This converts a suggestion into an actual habit."
					},
					"response": []
				}
			],
			"description": "AI-powered habit suggestion endpoints. All require JWT authentication and use Google Gemini for personalized recommendations."
		}
	],
	"event": [
		{
			"listen": "prerequest",
			"script": {
				"type": "text/javascript",
				"exec": [
					""
				]
			}
		},
		{
			"listen": "test",
			"script": {
				"type": "text/javascript",
				"exec": [
					""
				]
			}
		}
	],
	"variable": [
		{
			"key": "base_url",
			"value": "http://localhost:5000",
			"type": "string"
		},
		{
			"key": "auth_token",
			"value": "",
			"type": "string"
		},
		{
			"key": "habit_id",
			"value": "",
			"type": "string"
		},
		{
			"key": "suggestion_id",
			"value": "",
			"type": "string"
		},
		{
			"key": "category",
			"value": "fitness",
			"type": "string"
		},
		{
			"key": "goal",
			"value": "weight-loss",
			"type": "string"
		}
	]
} 